{
  "project_info": {
    "project_number": "270792138781",
    "project_id": "agrimarket-f3a59",
    "storage_bucket": "agrimarket-f3a59.firebasestorage.app"
  },
  "client": [
    {
      "client_info": {
        "mobilesdk_app_id": "1:270792138781:android:fc87863fc154f34dada6f4",
        "android_client_info": {
          "package_name": "com.anand.agrimarket"
        }
      },
      "oauth_client": [],
      "api_key": [
        {
          "current_key": "AIzaSyD2hwTE3m2S7ZMtRfnd-hARXfSkph5lxKw"
        }
      ],
      "services": {
        "appinvite_service": {
          "other_platform_oauth_client": []
        }
      }
    }
  ],
  "configuration_version": "1"
}